{
  "name": "Theme02",
  "black": "#000000",
  "red": "#bb0000",
  "green": "#00bb00",
  "yellow": "#bbbb00",
  "blue": "#0000bb",
  "purple": "#bb00bb",
  "cyan": "#00bbbb",
  "white": "#bbbbbb",
  "brightBlack": "#555555",
  "brightRed": "#ff5555",
  "brightGreen": "#55ff55",
  "brightYellow": "#ffff55",
  "brightBlue": "#5555ff",
  "brightPurple": "#ff55ff",
  "brightCyan": "#55ffff",
  "brightWhite": "#ffffff",
  "background": "#ffffff",
  "foreground": "#000000",
  "cursorColor": "#000000",
  "selectionBackground": "#b5d5ff",
  "messageFontWeight": "regular"
}
