{
  "name": "Theme36",
  "black": "#080808",
  "red": "#ff5f5f",
  "green": "#87d7af",
  "yellow": "#d7d787",
  "blue": "#5fafd7",
  "purple": "#afafff",
  "cyan": "#5fd7d7",
  "white": "#dadada",
  "brightBlack": "#8a8a8a",
  "brightRed": "#d75f5f",
  "brightGreen": "#afd7af",
  "brightYellow": "#d7d7af",
  "brightBlue": "#87afd7",
  "brightPurple": "#afafd7",
  "brightCyan": "#87d7d7",
  "brightWhite": "#dadada",
  "background": "#1c1c1c",
  "foreground": "#d0d0d0",
  "cursorColor": "#eeeeee",
  "selectionBackground": "#005f5f",
  "messageFontWeight": "light"
}
