{
  "name": "Theme46",
  "black": "#000000",
  "red": "#a60001",
  "green": "#00bb00",
  "yellow": "#fecd22",
  "blue": "#3a9bdb",
  "purple": "#bb00bb",
  "cyan": "#00bbbb",
  "white": "#bbbbbb",
  "brightBlack": "#555555",
  "brightRed": "#ff0003",
  "brightGreen": "#93c863",
  "brightYellow": "#fef874",
  "brightBlue": "#a1d7ff",
  "brightPurple": "#ff55ff",
  "brightCyan": "#55ffff",
  "brightWhite": "#ffffff",
  "background": "#283033",
  "foreground": "#cdcdcd",
  "cursorColor": "#c0cad0",
  "selectionBackground": "#3e4c4f",
  "messageFontWeight": "light"
}
