{
  "name": "Theme31",
  "black": "#000000",
  "red": "#ff5555",
  "green": "#50fa7b",
  "yellow": "#f1fa8c",
  "blue": "#bd93f9",
  "purple": "#ff79c6",
  "cyan": "#8be9fd",
  "white": "#bbbbbb",
  "brightBlack": "#555555",
  "brightRed": "#ff5555",
  "brightGreen": "#50fa7b",
  "brightYellow": "#f1fa8c",
  "brightBlue": "#bd93f9",
  "brightPurple": "#ff79c6",
  "brightCyan": "#8be9fd",
  "brightWhite": "#ffffff",
  "background": "#1e1f29",
  "foreground": "#f8f8f2",
  "cursorColor": "#bbbbbb",
  "selectionBackground": "#44475a",
  "messageFontWeight": "light"
}
