{
  "name": "Theme14",
  "black": "#000000",
  "red": "#c82829",
  "green": "#718c00",
  "yellow": "#eab700",
  "blue": "#4271ae",
  "purple": "#8959a8",
  "cyan": "#3e999f",
  "white": "#ffffff",
  "brightBlack": "#000000",
  "brightRed": "#c82829",
  "brightGreen": "#718c00",
  "brightYellow": "#eab700",
  "brightBlue": "#4271ae",
  "brightPurple": "#8959a8",
  "brightCyan": "#3e999f",
  "brightWhite": "#ffffff",
  "background": "#ffffff",
  "foreground": "#4d4d4c",
  "cursorColor": "#4d4d4c",
  "selectionBackground": "#d6d6d6",
  "messageFontWeight": "regular"
}
