{
  "name": "Theme07",
  "black": "#383a42",
  "red": "#e45649",
  "green": "#50a14f",
  "yellow": "#c18401",
  "blue": "#0184bc",
  "purple": "#a626a4",
  "cyan": "#0997b3",
  "white": "#fafafa",
  "brightBlack": "#4f525e",
  "brightRed": "#e06c75",
  "brightGreen": "#98c379",
  "brightYellow": "#e5c07b",
  "brightBlue": "#61afef",
  "brightPurple": "#c678dd",
  "brightCyan": "#56b6c2",
  "brightWhite": "#ffffff",
  "background": "#fafafa",
  "foreground": "#383a42",
  "cursorColor": "#bfceff",
  "selectionBackground": "#bfceff",
  "messageFontWeight": "regular"
}
