{
  "name": "Theme45",
  "black": "#383838",
  "red": "#a95551",
  "green": "#666666",
  "yellow": "#a98051",
  "blue": "#657d3e",
  "purple": "#767676",
  "cyan": "#c9c9c9",
  "white": "#d0b8a3",
  "brightBlack": "#474747",
  "brightRed": "#a97775",
  "brightGreen": "#8c8c8c",
  "brightYellow": "#a99175",
  "brightBlue": "#98bd5e",
  "brightPurple": "#a3a3a3",
  "brightCyan": "#dcdcdc",
  "brightWhite": "#d8c8bb",
  "background": "#222222",
  "foreground": "#a0a0a0",
  "cursorColor": "#aa9175",
  "selectionBackground": "#4d4d4d",
  "messageFontWeight": "light"
}
