{
  "name": "Theme27",
  "black": "#000000",
  "red": "#ff0000",
  "green": "#38de21",
  "yellow": "#ffe50a",
  "blue": "#1460d2",
  "purple": "#ff005d",
  "cyan": "#00bbbb",
  "white": "#bbbbbb",
  "brightBlack": "#555555",
  "brightRed": "#f40e17",
  "brightGreen": "#3bd01d",
  "brightYellow": "#edc809",
  "brightBlue": "#5555ff",
  "brightPurple": "#ff55ff",
  "brightCyan": "#6ae3fa",
  "brightWhite": "#ffffff",
  "background": "#132738",
  "foreground": "#ffffff",
  "cursorColor": "#f0cc09",
  "selectionBackground": "#18354f",
  "messageFontWeight": "light"
}
